[{"name": "Клюква", "method": "sub", "param": 67}, {"name": "Полба", "method": "sub", "param": 95}, {"name": "Каша из дробленного пшена", "method": "percent+", "param": 0.07}, {"name": "Слива", "method": "percent-", "param": 0.07}, {"name": "Лук-порей", "method": "percent+", "param": 0.1}, {"name": "Каша из дробленой ржи", "method": "percent-", "param": 0.08}, {"name": "Масло подсолнечное", "method": "add", "param": 98}, {"name": "Термосы", "method": "sub", "param": 47}, {"name": "Мацеста", "method": "sub", "param": 31}, {"name": "Рыбинская", "method": "sub", "param": 41}, {"name": "Робот-пылесос", "method": "sub", "param": 63}, {"name": "Российский сыр", "method": "sub", "param": 81}, {"name": "Пакеты для заморозки", "method": "sub", "param": 90}, {"name": "Чабрец сушеный", "method": "percent+", "param": 0.1}, {"name": "Красногорская", "method": "add", "param": 56}, {"name": "Burn", "method": "add", "param": 98}, {"name": "Пакеты для Дня независимости", "method": "percent-", "param": 0.05}, {"name": "Кориандр молотый", "method": "percent-", "param": 0.04}, {"name": "Мускатный орех молотый", "method": "percent+", "param": 0.01}, {"name": "Туалетная бумага", "method": "percent-", "param": 0.06}, {"name": "Сок томатный", "method": "add", "param": 61}, {"name": "Шадринская", "method": "sub", "param": 1}, {"name": "Сэндвичи с ветчиной", "method": "percent-", "param": 0.03}, {"name": "Гранат", "method": "sub", "param": 41}, {"name": "Зубная щетка", "method": "percent+", "param": 0.06}, {"name": "Сухое мясо", "method": "add", "param": 38}, {"name": "Зельц", "method": "sub", "param": 60}, {"name": "Огурец", "method": "add", "param": 61}, {"name": "Горох", "method": "sub", "param": 73}, {"name": "Пакеты для конференции", "method": "percent-", "param": 0.05}, {"name": "Смузи мангово-ананасовый", "method": "percent+", "param": 0.1}, {"name": "Иркутская", "method": "percent-", "param": 0.09}, {"name": "Йогурт", "method": "percent+", "param": 0.07}, {"name": "Рагу", "method": "percent-", "param": 0.04}, {"name": "Масала чай", "method": "add", "param": 63}, {"name": "Энергетический напиток", "method": "sub", "param": 35}, {"name": "Эндивий", "method": "percent-", "param": 0.1}, {"name": "Сельдерей сушеный", "method": "percent-", "param": 0.01}, {"name": "Гауда", "method": "percent-", "param": 0.1}, {"name": "Цветная капуста", "method": "percent-", "param": 0.05}, {"name": "Спаржа", "method": "percent-", "param": 0.03}, {"name": "Пакеты для Дня влюбленных", "method": "sub", "param": 46}, {"name": "Пакеты для Хэллоуина", "method": "sub", "param": 11}, {"name": "Абрикос", "method": "sub", "param": 33}, {"name": "Куриные бедра", "method": "percent-", "param": 0.09}, {"name": "Тыква", "method": "add", "param": 14}, {"name": "Ялтинская", "method": "percent+", "param": 0.03}, {"name": "Каша из кускуса", "method": "add", "param": 85}, {"name": "Пахта", "method": "percent+", "param": 0.01}, {"name": "Куриные ножки", "method": "sub", "param": 68}, {"name": "Пакеты для Всемирного дня здоровья", "method": "add", "param": 9}, {"name": "Донер-кебаб", "method": "percent-", "param": 0.05}, {"name": "Топинамбур", "method": "sub", "param": 81}, {"name": "Волгодонская", "method": "sub", "param": 67}, {"name": "Фольга алюминиевая", "method": "add", "param": 63}, {"name": "Кокосовая вода", "method": "add", "param": 28}, {"name": "Каша из ячменя", "method": "percent+", "param": 0.06}, {"name": "Пакеты для документов", "method": "sub", "param": 65}, {"name": "Клинская", "method": "sub", "param": 34}, {"name": "Дыня", "method": "sub", "param": 32}, {"name": "Помидор", "method": "add", "param": 15}, {"name": "Пакеты для Дня Земли", "method": "sub", "param": 9}, {"name": "Верблюжье молоко", "method": "percent-", "param": 0.06}, {"name": "Рулька", "method": "percent+", "param": 0.01}, {"name": "Черника", "method": "sub", "param": 48}, {"name": "Ножи столовые", "method": "percent-", "param": 0.09}, {"name": "Лавровый лист", "method": "sub", "param": 59}, {"name": "Персик", "method": "sub", "param": 65}, {"name": "Фета", "method": "percent+", "param": 0.07}, {"name": "Каша из дробленной поленты", "method": "add", "param": 62}, {"name": "Рамбутан", "method": "add", "param": 11}, {"name": "Coca-Cola Zero", "method": "percent-", "param": 0.02}, {"name": "Козлятина", "method": "add", "param": 90}, {"name": "Каша из дробленного риса", "method": "percent-", "param": 0.08}, {"name": "Пармезан", "method": "sub", "param": 43}, {"name": "Салями", "method": "add", "param": 60}, {"name": "Фенхель", "method": "percent-", "param": 0.07}, {"name": "Аква Минерале", "method": "percent-", "param": 0.06}, {"name": "Простокваша", "method": "percent+", "param": 0.03}, {"name": "Кастрюли", "method": "add", "param": 13}, {"name": "Йогурт натуральный", "method": "percent+", "param": 0.04}, {"name": "Пакеты для Дня благодарения", "method": "percent-", "param": 0.03}, {"name": "Ветчина", "method": "sub", "param": 27}, {"name": "Мацони", "method": "sub", "param": 47}, {"name": "Студень", "method": "percent-", "param": 0.01}, {"name": "Творог", "method": "add", "param": 1}, {"name": "Холодный чай с лимоном", "method": "percent+", "param": 0.04}, {"name": "Сыр", "method": "add", "param": 75}, {"name": "Прошутто", "method": "sub", "param": 54}, {"name": "Ивантеевская", "method": "add", "param": 76}, {"name": "Evian", "method": "percent+", "param": 0.04}, {"name": "Пакеты для свадьбы", "method": "percent+", "param": 0.02}, {"name": "Кабачок", "method": "percent-", "param": 0.04}, {"name": "Укроп", "method": "percent+", "param": 0.09}, {"name": "Сок морковный", "method": "percent-", "param": 0.08}, {"name": "Ливерная колбаса", "method": "percent-", "param": 0.02}, {"name": "Косуля", "method": "percent+", "param": 0.05}, {"name": "Шпинат", "method": "percent-", "param": 0.1}, {"name": "Копчености", "method": "sub", "param": 35}, {"name": "Марциальная вода", "method": "percent+", "param": 0.05}, {"name": "Хурма", "method": "percent-", "param": 0.02}, {"name": "Карпаччо", "method": "add", "param": 66}, {"name": "Ванилин", "method": "sub", "param": 24}, {"name": "Голландский сыр", "method": "percent+", "param": 0.03}, {"name": "Карамбола", "method": "add", "param": 17}, {"name": "Пакеты для театра", "method": "sub", "param": 77}, {"name": "Шея", "method": "sub", "param": 23}, {"name": "Геркулес", "method": "percent+", "param": 0.1}, {"name": "Варенье", "method": "percent-", "param": 0.02}, {"name": "Томатная паста", "method": "sub", "param": 81}, {"name": "Пакеты для барбекю", "method": "sub", "param": 22}, {"name": "Новошахтинская", "method": "percent+", "param": 0.04}, {"name": "Фейхоа", "method": "add", "param": 71}, {"name": "Вилки", "method": "add", "param": 57}, {"name": "Патиссон", "method": "sub", "param": 50}, {"name": "Сельдерей", "method": "percent-", "param": 0.01}, {"name": "Perrier", "method": "sub", "param": 32}, {"name": "Балык", "method": "percent+", "param": 0.09}, {"name": "Паштет", "method": "percent+", "param": 0.03}, {"name": "Южно-Сахалинская", "method": "add", "param": 88}, {"name": "Грейпфрут", "method": "percent-", "param": 0.04}, {"name": "Топлёное молоко", "method": "sub", "param": 92}, {"name": "Варено-копченая колбаса", "method": "sub", "param": 36}, {"name": "Керчь", "method": "percent-", "param": 0.1}, {"name": "Моцарелла", "method": "percent+", "param": 0.1}, {"name": "Киви", "method": "add", "param": 57}, {"name": "Ананас", "method": "percent-", "param": 0.1}, {"name": "Пакеты для ярмарки", "method": "add", "param": 28}, {"name": "Апельсин", "method": "sub", "param": 7}, {"name": "Рубец", "method": "percent+", "param": 0.04}, {"name": "Чеддер", "method": "add", "param": 30}, {"name": "Щелковская", "method": "percent-", "param": 0.01}, {"name": "Белый шоколад", "method": "sub", "param": 61}, {"name": "Кумыс", "method": "percent+", "param": 0.02}, {"name": "Чашки", "method": "percent+", "param": 0.08}, {"name": "Коломенская", "method": "percent-", "param": 0.02}, {"name": "Пакеты для спортивного инвентаря", "method": "percent-", "param": 0.03}, {"name": "Золотое молоко", "method": "add", "param": 33}, {"name": "Брынза", "method": "sub", "param": 15}, {"name": "Миринда", "method": "add", "param": 85}, {"name": "Цукини", "method": "sub", "param": 2}, {"name": "Молоко", "method": "percent+", "param": 0.1}, {"name": "Мультиварка", "method": "sub", "param": 100}, {"name": "Свекла", "method": "add", "param": 25}, {"name": "Помело", "method": "sub", "param": 83}, {"name": "Курт", "method": "add", "param": 69}, {"name": "Ряженка", "method": "add", "param": 41}, {"name": "Липецкий бювет", "method": "sub", "param": 91}, {"name": "Пакеты многоразовые", "method": "sub", "param": 5}, {"name": "Симферопольская", "method": "add", "param": 100}, {"name": "Портулак", "method": "add", "param": 47}, {"name": "Мармелад", "method": "percent-", "param": 0.08}, {"name": "Ульяновская", "method": "percent+", "param": 0.04}, {"name": "Виноград", "method": "add", "param": 57}, {"name": "Сода пищевая", "method": "percent-", "param": 0.04}, {"name": "Лен семена", "method": "percent+", "param": 0.05}, {"name": "Пастрома", "method": "percent+", "param": 0.09}, {"name": "Безалкогольный мохито", "method": "percent+", "param": 0.05}, {"name": "Забайкальская", "method": "percent+", "param": 0.05}, {"name": "Мыло твердое", "method": "add", "param": 46}, {"name": "Имбирь молотый", "method": "sub", "param": 27}, {"name": "Пакеты для корпоратива", "method": "sub", "param": 39}, {"name": "San Pellegrino", "method": "add", "param": 18}, {"name": "Мате", "method": "percent+", "param": 0.06}, {"name": "Моющее средство для пола", "method": "sub", "param": 40}, {"name": "Пакеты для фестиваля", "method": "percent-", "param": 0.08}, {"name": "Катык", "method": "sub", "param": 74}, {"name": "Разрыхлитель теста", "method": "add", "param": 33}, {"name": "Пакеты пластиковые", "method": "add", "param": 49}, {"name": "Молочный коктейль", "method": "percent+", "param": 0.04}, {"name": "Масло оливковое", "method": "percent+", "param": 0.07}, {"name": "Каша из дробленной перловой крупы", "method": "percent-", "param": 0.05}, {"name": "Mountain Dew", "method": "percent-", "param": 0.05}, {"name": "Смородина", "method": "percent-", "param": 0.08}, {"name": "Пакеты для хранения одежды", "method": "percent-", "param": 0.08}, {"name": "Шубат", "method": "add", "param": 4}, {"name": "Пакеты для Нового года", "method": "percent+", "param": 0.05}, {"name": "Ласси", "method": "add", "param": 16}, {"name": "Гуляш", "method": "sub", "param": 89}, {"name": "Мороженое", "method": "percent+", "param": 0.03}, {"name": "Тостер", "method": "add", "param": 18}, {"name": "Пакеты для животных", "method": "percent+", "param": 0.01}, {"name": "Пицца с мясом", "method": "add", "param": 70}, {"name": "Каша из дробленной пшеничной крупы", "method": "percent+", "param": 0.1}, {"name": "Кефир", "method": "percent+", "param": 0.02}, {"name": "Морковь", "method": "percent-", "param": 0.01}, {"name": "Биточки", "method": "percent-", "param": 0.03}, {"name": "Подушки", "method": "percent+", "param": 0.03}, {"name": "Банан", "method": "add", "param": 14}, {"name": "Лимон", "method": "add", "param": 79}, {"name": "Каша из дробленой булгура", "method": "percent-", "param": 0.09}, {"name": "Котлеты", "method": "sub", "param": 33}, {"name": "Картофель", "method": "percent-", "param": 0.08}, {"name": "Анапская", "method": "add", "param": 31}, {"name": "Гель после бритья", "method": "percent-", "param": 0.04}, {"name": "Орегано сушеный", "method": "percent+", "param": 0.01}, {"name": "Ямс", "method": "percent-", "param": 0.03}, {"name": "Глинтвейн", "method": "percent+", "param": 0.09}, {"name": "Пакеты для Всемирного дня театра", "method": "sub", "param": 49}, {"name": "Златоустовская", "method": "add", "param": 73}, {"name": "Кокос", "method": "percent+", "param": 0.09}, {"name": "Сметана", "method": "percent+", "param": 0.05}, {"name": "Мандарин", "method": "percent+", "param": 0.06}, {"name": "Пакеты для инструментов", "method": "percent+", "param": 0.03}, {"name": "Манты", "method": "add", "param": 25}, {"name": "Айва", "method": "add", "param": 77}, {"name": "Бастурма", "method": "add", "param": 58}, {"name": "Пакеты для микроволновки", "method": "sub", "param": 18}, {"name": "Пакеты для Рождества", "method": "percent+", "param": 0.02}, {"name": "Дезодорант", "method": "percent+", "param": 0.05}, {"name": "Вымя", "method": "percent+", "param": 0.09}, {"name": "Пакеты для Всемирного дня музыки", "method": "sub", "param": 60}, {"name": "Крымская", "method": "sub", "param": 50}, {"name": "Растительное масло льняное", "method": "sub", "param": 18}, {"name": "Баклажан", "method": "percent-", "param": 0.04}, {"name": "Душистый перец горошком", "method": "sub", "param": 99}, {"name": "Кунжут черный", "method": "sub", "param": 40}, {"name": "Каша из дробленой пшеницы", "method": "percent+", "param": 0.04}, {"name": "Брокколи", "method": "sub", "param": 3}, {"name": "Сырой арахис", "method": "percent-", "param": 0.04}, {"name": "Открывалка для бутылок", "method": "sub", "param": 96}, {"name": "Телятина", "method": "add", "param": 60}, {"name": "Сорго", "method": "percent+", "param": 0.04}, {"name": "Сбитень медовый", "method": "sub", "param": 86}, {"name": "Малина", "method": "percent+", "param": 0.03}, {"name": "Амурская", "method": "add", "param": 8}, {"name": "Шаверма", "method": "percent-", "param": 0.09}, {"name": "Кольраби", "method": "add", "param": 9}, {"name": "Тимьян сушеный", "method": "percent-", "param": 0.07}, {"name": "Обуховская", "method": "sub", "param": 12}, {"name": "Пакеты для детских вещей", "method": "sub", "param": 3}, {"name": "Таганрогская", "method": "percent-", "param": 0.02}, {"name": "Капуста белокочанная", "method": "percent-", "param": 0.07}, {"name": "Буковинская", "method": "percent-", "param": 0.07}, {"name": "Сгущенное молоко", "method": "percent-", "param": 0.08}, {"name": "Буженина", "method": "percent+", "param": 0.02}, {"name": "Чувашская", "method": "percent-", "param": 0.04}, {"name": "Каймак", "method": "add", "param": 53}, {"name": "Сало", "method": "sub", "param": 72}, {"name": "Карбонад", "method": "percent+", "param": 0.05}, {"name": "Просо", "method": "sub", "param": 56}, {"name": "Мягкие игрушки", "method": "percent+", "param": 0.02}, {"name": "Яблоко", "method": "percent-", "param": 0.03}, {"name": "Ростовская", "method": "sub", "param": 65}, {"name": "Растительное масло горчичное", "method": "sub", "param": 32}, {"name": "Щавель", "method": "sub", "param": 78}, {"name": "Пакеты для Дня космонавтики", "method": "sub", "param": 89}, {"name": "Мортаделла", "method": "percent+", "param": 0.09}, {"name": "Доктор Пеппер", "method": "percent+", "param": 0.09}, {"name": "Fruko Schulz", "method": "percent-", "param": 0.03}, {"name": "Сливки", "method": "add", "param": 46}, {"name": "Творог", "method": "percent-", "param": 0.09}, {"name": "Крольчатина", "method": "add", "param": 78}, {"name": "Пакеты для игрушек", "method": "sub", "param": 89}, {"name": "Инжир", "method": "percent-", "param": 0.04}, {"name": "Пакеты для музея", "method": "sub", "param": 54}, {"name": "Севастопольская", "method": "sub", "param": 31}]